code,floor,shortName
VFMVF1,HOSE,
PRUBF1,HOSE,
MAFPF1,HOSE,
VFMVF4,HOSE,
VFMVFA,HOSE,
ASIAGF,HOSE,
FUCTVGF1,HOSE,Quỹ ĐTTT TVAM
FUCVREIT,HOSE,Quỹ BĐS Techcom VN
FUCTVGF2,HOSE,Quỹ Thiên Việt 2
PMS,HNX,Cơ khí Xăng dầu
CAN,HNX,Đồ hộp Hạ Long
LAF,HNX,C.biến XK Long An
NHC,HNX,Gạch ngói Nhị Hiệp
SGH,HNX,Khách sạn Sài Gòn
MCC,HNX,Gạch ngói cao cấp
BBC,HNX,CTCP Bibica
DPC,HNX,CTCP nhựa Đà Nẵng
DXP,HNX,Cảng Đoạn Xá
HBB,HNX,
RHC,HNX,
HHC,HNX,Bánh kẹo Hải Hà
BPC,HNX,Bao bì Bỉm sơn
SDG,HNX,SADICO Cần Thơ
PVS,HNX,DV KT D.khí VN
VNR,HNX,Tái bảo hiểm VN
PVI,HNX,CTCP PVI
PTI,HNX,Bảo hiểm bưu điện
BBS,HNX,Bao bì Bút Sơn
THV,HNX,
BTS,HNX,Xi măng Bút Sơn
BCC,HNX,Xi măng Bỉm Sơn
HOM,HNX,Xi măng Hoàng Mai
NTP,HNX,Nhựa Tiền Phong
ABT,HNX,Thủy sản Bến Tre
MBS,HNX,Chứng khoán MB
TTC,HNX,Gạch Thanh Thanh
HSC,HNX,
VTL,HNX,Vang Thăng Long
GHA,HNX,
VSA,HNX,Đại lý Hàng hải VN
NBW,HNX,Cấp nc Nhà Bè
UNI,HNX,CTCP Viễn Liên
VTC,HNX,Viễn thông VTC
SHB,HNX,Ngân hàng SG HN
BVS,HNX,CK Bảo Việt
SSC,HNX,Giống cây miền Nam
TKU,HNX,C.Nghiệp Tung Kuang
MSC,HNX,Dịch vụ Phú Nhuận
VCC,HNX,CTCP Vinaconex 25
SGC,HNX,XNK Sa Giang
STP,HNX,CN T.mại Sông Đà
CTB,HNX,Bơm Hải Dương
ALT,HNX,Văn hoá Tân Bình
THT,HNX,Than Hà Tu
TCS,HNX,Than Cao Sơn
TC6,HNX,Than Cọc Sáu
TXM,HNX,Thạch cao Xi măng
TDN,HNX,Than Đèo Nai
TTT,HNX,T.mại Tây Ninh
GDW,HNX,Cấp nc Gia Định
VDL,HNX,Th.phẩm Lâm Đồng
KMT,HNX,Kim khí Miền Trung
SD9,HNX,CTCP Sông Đà 9
SDT,HNX,CTCP Sông Đà 10
PVC,HNX,Hóa chất & DV dầu khí
LBE,HNX,Sách Long An
NSC,HNX,Giống cây trồng TW
CJC,HNX,Cơ điện M.Trung
DHI,HNX,
HTP,HNX,In SGK Hòa Phát
NLC,HNX,
PTS,HNX,V.tải Petro H.Phòng
SJE,HNX,CTCP Sông Đà 11
TPH,HNX,Sách giáo khoa HN
VC2,HNX,Xây dựng VINA2
VMC,HNX,CTCP VIMECO
VTV,HNX,N.lượng & M.trg VICEM
VC1,HNX,CTCP xây dựng số 1
CMC,HNX,CTCP Đầu tư CMC
EBS,HNX,Sách Giáo Dục HN
HJS,HNX,Th.điện Nậm Mu
HLY,HNX,Viglacera Hạ Long I
HPS,HNX,
MCO,HNX,CTCP MCO Việt Nam
PAN,HNX,CTCP Tập đoàn PAN
PJC,HNX,V.tải Petro HN
POT,HNX,Thiết bị Bưu Điện
S55,HNX,CTCP Sông Đà 505
S64,HNX,
S91,HNX,
S99,HNX,CTCP SCI
SD6,HNX,CTCP Sông Đà 6
SDA,HNX,CTCP Simco Sông Đà
SDC,HNX,Tư vấn sông Đà
SNG,HNX,
VNC,HNX,TĐ Vinacontrol
DNP,HNX,CTCP Nhựa Đồng Nai
VGP,HNX,Cảng rau quả
TMC,HNX,T.mại XNK Thủ Đức
PLC,HNX,Hóa dầu Petrolimex
SD5,HNX,CTCP Sông Đà 5
SIC,HNX,CTCP ANI
STC,HNX,Sách T.bị HCM
SAF,HNX,Th.phẩm SAFOCO
SD4,HNX,CTCP Sông Đà 4
CIC,HNX,
DAE,HNX,Sách Giaó dục ĐN
NBC,HNX,Than Núi Béo
NST,HNX,CTCP Ngân Sơn
PSC,HNX,V.tải Petro SG
TLC,HNX,
YSC,HNX,
SDN,HNX,CTCP Sơn Đồng Nai
SFN,HNX,Dệt lưới Sài Gòn
SJ1,HNX,N.nghiệp Hùng Hậu
SGD,HNX,Sách Giáo dục HCM
SKS,HNX,
SSS,HNX,
PVG,HNX,Kinh doanh LPG
MAS,HNX,DV sân bay Đà Nẵng
SDU,HNX,Đô thị Sông Đà
PGS,HNX,Kinh doanh khí Miền Nam
RCL,HNX,Địa ốc Chợ Lớn
LHC,HNX,Th.lợi Lâm Đồng
BAX,HNX,CTCP Thống Nhất
NBP,HNX,Nh.điện Ninh Bình
BTW,HNX,Cấp nước Bến Thành
NSN,HNX,
LO5,HNX,CTCP Lilama 5
CET,HNX,HTC HOLDING
WCS,HNX,Bến xe miền Tây
SD2,HNX,CTCP Sông Đà 2
VMI,HNX,K.sản Đ.tư VISACO
L61,HNX,CTCP LILAMA 69-1
DST,HNX,ĐT Sao Thăng Long
PSI,HNX,CK Dầu khí
IDC,HNX,TCT IDICO
C92,HNX,Xây dựng 492
VND,HNX,VNDIRECT
TNG,HNX,Đ.tư T.mại TNG
HCT,HNX,V.tải xi măng H.Phòng
SJC,HNX,CTCP Sông Đà 1.01
PDC,HNX,D.lịch DK Ph.Đông
MDC,HNX,Than Mông Dương
HLC,HNX,Than Hà Lầm
CLH,HNX,Xi măng La Hiên
HPR,HNX,
HEV,HNX,Sách ĐH - Dạy nghề
KLS,HNX,
TST,HNX,DV KT Viễn thông
HCC,HNX,Bê tông Hòa Cẩm
TJC,HNX,DV V.tải & T.mại
VCS,HNX,CTCP VICOSTONE
VC3,HNX,TẬP ĐOÀN NAM MÊ KÔNG
TAS,HNX,
KMF,HNX,
SVS,HNX,
VC7,HNX,Xây dựng số 7
CAP,HNX,Lâm Nông Sản Y.Bái
NGC,HNX,Th.sản Ngô Quyền
LUT,HNX,ĐT XD Lương Tài
NVC,HNX,
SRA,HNX,Sara Việt Nam
VC6,HNX,Xây dựng Visicons
HBE,HNX,T.bị trg học H.Tĩnh
TVD,HNX,Than Vàng Danh
BAB,HNX,Ngân hàng Bắc Á
NVB,HNX,Ngân hàng Quốc Dân
X20,HNX,CTCP X20
HUT,HNX,CTCP TASCO
L62,HNX,CTCP Lilama 69-2
L18,HNX,Xây dựng số 18
APS,HNX,Chứng khoán APEC
BLF,HNX,Thủy sản Bạc Liêu
L43,HNX,CTCP Lilama 45.3
ONE,HNX,Truyền thông số 1
CTC,HNX,CTCP Gia Lai CTC
TV4,HNX,Xây dựng điện 4
SDS,HNX,
QTC,HNX,C.trình GTVT Q.Nam
KKC,HNX,CTCP Kim khí KKC
VE1,HNX,XD Điện VNECO 1
TPP,HNX,CTCP Nhựa Tân Phú
THB,HNX,Bia Thanh Hóa
TBX,HNX,Xi măng Thái Bình
SSM,HNX,C.tạo kết cấu thép
MKV,HNX,Dược thú y Cai Lậy
VGS,HNX,Ống thép Việt Đức
DHT,HNX,Dược phẩm Hà Tây
BST,HNX,Sách Bình Thuận
QST,HNX,Sách Quảng Ninh
VHL,HNX,Viglacera Hạ Long
AGC,HNX,
SEB,HNX,Đ.tư điện M.Trung
HVT,HNX,Hóa chất Việt Trì
ICG,HNX,Xây dựng sông Hồng
ECI,HNX,Tranh ảnh Giáo dục
DZM,HNX,Chế tạo máy Dzĩ An
PPP,HNX,Dược Phong Phú
SME,HNX,
SHS,HNX,Chứng khoán SG HN
S74,HNX,CTCP Sông Đà 7.04
AVS,HNX,
EID,HNX,ĐTPT giáo dục HN
CTM,HNX,
VNT,HNX,Vận Tải Ngoại Thương
SED,HNX,Giáo dục Phg Nam
BKC,HNX,K.sản Bắc Kạn
DAD,HNX,ĐTPT Giáo dục ĐN
VNF,HNX,VINAFREIGHT
IDJ,HNX,Đầu tư IDJ Việt Nam
NAG,HNX,Nagakawa Group
VC9,HNX,Xây dựng số 9
DC2,HNX,Xây dựng (DIC) 2
IDV,HNX,Hạ tầng Vĩnh Phúc
PMC,HNX,Dược Pharmedic
BED,HNX,Sách T.bị Đà Nẵng
HAD,HNX,Bia HN Hải Dương
TMX,HNX,Vicem T.mại X.măng
API,HNX,ĐT Châu Á - TBD
VIT,HNX,Viglacera Tiên Sơn
CSC,HNX,COTANA
TV3,HNX,Tư vấn XD điện 3
BXH,HNX,Bao bì Hải Phòng
GLT,HNX,KT điện Toàn cầu
MHL,HNX,CTCP Minh Hữu Liên
V12,HNX,Xây dựng số 12
TKC,HNX,Địa ốc Tân Kỷ
VIG,HNX,Chứng khoán VICS
TIG,HNX,Đầu tư Thăng Long
WSS,HNX,CK Phố Wall
SHN,HNX,ĐT Tổng hợp Hà Nội
VFG,HNX,Khử trùng Việt Nam
HGM,HNX,K.sản Hà Giang
DNC,HNX,Lắp máy Hải Phòng
MAC,HNX,DV KT Hàng Hải
PGT,HNX,PGT Holdings
HMH,HNX,CTCP Hải Minh
AMV,HNX,T.bị y tế Việt Mỹ
HST,HNX,Sách Hưng Yên
CKV,HNX,COKYVINA
BDB,HNX,Sách Bình Định
HHL,HNX,
CPC,HNX,Sát trùng Cần Thơ
INN,HNX,Bao bì In N.nghiệp
VBC,HNX,Nhựa - Bao bì Vinh
DL1,HNX,DV C.trình Đức Lg
L35,HNX,Cơ khí Lilama
PVL,HNX,ĐT Nhà đất Việt
KBT,HNX,
TET,HNX,May mặc miền Bắc
V21,HNX,CTCP Vinaconex 21
LIG,HNX,CTCP Licogi 13
QHD,HNX,Que hàn Việt Đức
VXB,HNX,VLXD Bến Tre
KSD,HNX,Xuất khẩu Hamico
HTC,HNX,Thương mại Hóc Môn
VCM,HNX,N.lực Vinaconex
CX8,HNX,X.lắp Contrexim 8
LCS,HNX,CTCP Licogi 166
AME,HNX,Alphanam E&C
VE3,HNX,XD Điện VNECO 3
TSM,HNX,Xi măng Tiên Sơn Hà Tây
MIH,HNX,
HBS,HNX,CK Hòa Bình
PRC,HNX,CTCP Portserco
LDP,HNX,Dược Lâm Đồng
CTX,HNX,Đ.tư XD T.mại VN
VCH,HNX,
SMT,HNX,CTCP Sametel
TMB,HNX,Than miền Bắc
HHG,HNX,CTCP Hoàng Hà
VLA,HNX,C.nghệ Văn Lang
VE2,HNX,XD Điện VNECO 2
PCT,HNX,V.tải khí H.chất VN
CVN,HNX,CTCP VINAM
VCV,HNX,
TFC,HNX,CTCP Trang
NDN,HNX,ĐTPT Nhà Đà Nẵng
MIM,HNX,K.sản & Cơ khí
LAS,HNX,Supe Phốt phát LT
NET,HNX,CTCP Bột giặt Net
MAX,HNX,
SEL,HNX,
HAT,HNX,Thương mại Bia HN
NIS,HNX,
OCH,HNX,Khách sạn và dịch vụ OCH
APP,HNX,S.phẩm dầu mỏ
ARM,HNX,XNK Hàng không
GBS,HNX,
HTB,HNX,
LM7,HNX,CTCP Lilama 7
KTT,HNX,Điện Thiên Trường
LCD,HNX,Thí nghiệm cơ điện
CMS,HNX,CTCP CMVIETNAM
VKC,HNX,Nhựa Vĩnh Khánh
MNC,HNX,Mai Linh miền Trung
VAT,HNX,VT Vạn Xuân
MCL,HNX,
PV2,HNX,CTCP Đầu tư PV2
BSC,HNX,DV Bến Thành
KST,HNX,CTCP KASATI
HDA,HNX,Hãng sơn Đông Á
ADC,HNX,Mĩ thuật & Tr.thông
PCG,HNX,ĐTPT Gas Đô thị
KTS,HNX,CTCP Đường Kon Tum
PTD,HNX,T.mại Phúc Thịnh
PPS,HNX,KT Đ.lực DK VN
TSB,HNX,Ắc quy Tia sáng
I40,HNX,
L40,HNX,
PCE,HNX,H.chất DK M.Trung
DNM,HNX,Y tế Danameco
D11,HNX,CTCP Địa ốc 11
MCF,HNX,Th.phẩm Mecofood
DIH,HNX,Xây dựng Hội An
GFC,HNX,
VIE,HNX,C.nghệ V.thông VITECO
FDT,HNX,CTCP Fiditour
INC,HNX,Tư vấn Đ.tư IDICO
PPE,HNX,T.vấn Đ.lực DK VN
GMX,HNX,Gạch XD Mỹ Xuân
IVS,HNX,CK Đầu tư VN
L14,HNX,CTCP Licogi 14
ITQ,HNX,TĐ Thiên Quang
SVN,HNX,Tập đoàn Vexilla VN
CTV,HNX,
CDN,HNX,Cảng Đà Nẵng
PSE,HNX,H.chất DK Đ.N.Bộ
AMC,HNX,K.sản Á Châu
MED,HNX,Dược TW MEDIPLANTEX
DHL,HNX,
VE8,HNX,XD Điện VNECO 8
VE4,HNX,XD Điện VNECO 4
SPI,HNX,CTCP SPI
SLS,HNX,Mía đường Sơn La
TVB,HNX,CK Trí Việt
TTZ,HNX,C.nghệ Tiến Trung
DHP,HNX,Điện Cơ Hải Phòng
HLD,HNX,BĐS HUDLAND
PSD,HNX,P.phối T.hợp D.khí
NDX,HNX,X.lắp Nhà Đà Nẵng
KSQ,HNX,CNC Capital VN
KLF,HNX,Đ.tư T.mại XNH CFS
THS,HNX,Thanh Hoa Sông Đà
PVB,HNX,Bọc Ống D.khí VN
NFC,HNX,Phân lân Ninh Bình
DP3,HNX,Dược phẩm TW 3
PDB,HNX,Vật liệu Xây dựng DUFAGO
SCI,HNX,CTCP SCI E&C
VMS,HNX,P.triển Hàng hải
CTT,HNX,C.tạo máy VINACOMIN
PIC,HNX,Đầu tư Điện lực 3
CLM,HNX,XNK Than Vinacomin
PSW,HNX,Phân bón H.chất D.khí Tây Nam Bộ
BII,HNX,C.nghiệp Bảo Thư
VTH,HNX,Cáp Điện Việt Thái
TVC,HNX,Tài sản Trí Việt
PEN,HNX,X.lắp 3 Petrolimex
CEO,HNX,Tập đoàn C.E.O
BAM,HNX,Khoáng sản Bắc Á
VTJ,HNX,Đầu tư Vinataba
PBP,HNX,Bao Bì D.khí VN
NHP,HNX,Sản xuất XNK NHP
MPT,HNX,Tập đoàn Trường Tiền
KVC,HNX,SX XNK INOX Kim vĩ
HKB,HNX,Th.phẩm Kinh Bắc
SMN,HNX,Sách T.bị M.Nam
DPS,HNX,ĐTPT Sóc Sơn
FID,HNX,ĐTPT D.nghiệp VN
PHP,HNX,Cảng Hải Phòng
ACM,HNX,K.sản Á Cường
TA9,HNX,X.lắp Thành An 96
PMP,HNX,Bao bì Đạm Phú Mỹ
DGL,HNX,Hóa Chất Đức Giang-Lào Cai
PMB,HNX,H.chất DK M.Bắc
NAP,HNX,Cảng Nghệ Tĩnh
MBG,HNX,ĐTPT XD T.mại VN
HPM,HNX,K.sản Hoàng Phúc
PPY,HNX,Dầu khí Phú Yên
ATS,HNX,Suất ăn Atesco
KDM,HNX,TỔNG CÔNG TY KHU DÂN MỚI
VIF,HNX,TCT L.nghiệp VN
MST,HNX,Đầu tư MST
TTL,HNX,TCT Thăng Long
MVB,HNX,Mỏ Việt Bắc TKV
CTP,HNX,CTCP Minh Khang
DTK,HNX,TCT Điện lực TKV
TTH,HNX,DV Tiến Thành
PHN,HNX,Pin Hà Nội
ART,HNX,Chứng khoán BOS
HKT,HNX,Đầu tư EGO Việt Nam
PIA,HNX,V.thông Petrolimex
VSM,HNX,Container M.Trung
C69,HNX,CTCP Xây dựng 1369
BCF,HNX,Thực phẩm Bích Chi
GKM,HNX,Khang Minh Group
CIA,HNX,DV S.bay Cam Ranh
AAV,HNX,Việt Tiên Sơn Địa ốc
CAG,HNX,Cảng An Giang
NSH,HNX,Nhôm Sông Hồng
DS3,HNX,Đường sông số 3
MEL,HNX,Thép Mê Lin
DTD,HNX,ĐTPT Thành Đạt
KHS,HNX,CTCP Kiên Hùng
NRC,HNX,Tập đoàn Danh Khôi
TDT,HNX,Đ.tư P.triển TDT
EVS,HNX,CK Everest
DDG,HNX,XNK Đông Dương
PGN,HNX,CTCP Phụ Gia Nhựa
VHE,HNX,D.liệu và th.phẩm VN
TAR,HNX,NN C.nghệ Trung An
SHE,HNX,P.triển n.lượng Sơn Hà
NTH,HNX,Thủy điện Nước trong
EBA,HNX,Điện Bắc Nà
PRE,HNX,TÁI BẢO HIỂM PVI
GIC,HNX,Đầu tư dịch vụ và Phát triển Xanh
SZB,HNX,Sonadezi Long Bình
BNA,HNX,Đầu tư SX Bảo Ngọc
THD,HNX,THAIHOLDINGS
GMA,HNX,Enteco Việt Nam
DVG,HNX,Sơn Đại Việt
TNC,HOSE,Cao su Thống Nhất
CTS,HOSE,CK Vietinbank
SFC,HOSE,Nhiên Liệu SG
DHA,HOSE,CTCP Hoá An
REE,HOSE,CTCP Cơ điện lạnh
NKD,HOSE,
HAS,HOSE,CTCP Hacisco
COM,HOSE,Vật Tư - Xăng Dầu
SAM,HOSE,CTCP SAM HOLDINGS
SAV,HOSE,XNK SAVIMEX
BSI,HOSE,Chứng khoán BIDV
KDC,HOSE,Tập đoàn Kido
PNC,HOSE,Văn hoá Phương Nam
CII,HOSE,H.tầng KT HCM
PLX,HOSE,Xăng dầu Việt Nam
HCM,HOSE,Chứng khoán HSC
MHC,HOSE,CTCP MHC
HPG,HOSE,Hòa Phát
GEG,HOSE,CTCP Điện Gia Lai
HDB,HOSE,HDBank
DIG,HOSE,TCT ĐTPT Xây dựng
PPC,HOSE,Nh.điện Phả Lại
RDP,HOSE,0
KHP,HOSE,Điện lực Khánh Hòa
VOS,HOSE,Vận tải biển VN
SMC,HOSE,Đ.tư T.mại SMC
HAP,HOSE,Tập đoàn HAPACO
HVX,HOSE,Xi măng Hải Vân
TAC,HOSE,Dầu Tường An
NLG,HOSE,Đầu tư Nam Long
FMC,HOSE,Thực phẩm Sao Ta
SJS,HOSE,KCN Sông Đà
FPC,HOSE,
TYA,HOSE,Dây Cáp Taya VN
NAV,HOSE,CTCP Nam Việt
TNA,HOSE,XNK Thiên Nam
BVH,HOSE,Tập đoàn Bảo Việt
BMI,HOSE,Bảo Minh
PGI,HOSE,Bảo hiểm Petro
PVD,HOSE,DV khoan D.khí
VTO,HOSE,V.tải X.dầu VITACO
CTG,HOSE,Vietinbank
BID,HOSE,Ngân hàng BIDV
CSM,HOSE,Cao su Miền Nam
TBC,HOSE,Th.điện Thác Bà
BMP,HOSE,Nhựa Bình Minh
GIL,HOSE,XNK Bình Thạnh
CMX,HOSE,Camimex Group
STB,HOSE,Sacombank
VSH,HOSE,Th.điện V.Sơn SH
TRI,HOSE,
SCD,HOSE,Nc g.khát Ch.Dương
RAL,HOSE,Phích Rạng Đông
TS4,HOSE,Thủy sản số 4
ACB,HOSE,Ngân hàng Á Châu
PVF,HOSE,
LSS,HOSE,Mía đường Lam Sơn
VIP,HOSE,V.tải X.dầu VIPCO
PGC,HOSE,TCT Gas Petrolimex
PAC,HOSE,Pin miền Nam
VNM,HOSE,VINAMILK
TMS,HOSE,CTCP TRANSIMEX
VDP,HOSE,Dược phẩm Vidipha
TCB,HOSE,Techcombank
TDH,HOSE,Nhà Thủ Đức
GMD,HOSE,CTCP Gemadept
OCB,HOSE,Ngân hàng Phương Đông
SSB,HOSE,Ngân hàng TMCP Đông Nam Á
HTV,HOSE,Logistics Vicem
HT1,HOSE,Xi măng Hà Tiên 1
HT2,HOSE,
SSI,HOSE,Chứng khoán SSI
SVC,HOSE,DV tổng hợp SG
VIB,HOSE,VIB Bank
PNJ,HOSE,Vàng Phú Nhuận
EIB,HOSE,Eximbank
VCB,HOSE,Vietcombank
ICT,HOSE,Tin học Bưu điện
FPT,HOSE,CTCP FPT
CAV,HOSE,Dây cáp điện VN
IMP,HOSE,Dược Imexpharm
DMC,HOSE,XNK Y tế Domesco
HVN,HOSE,Vietnam Airlines
DHG,HOSE,Dược Hậu Giang
ITA,HOSE,Đ.tư & CN Tân Tạo
SVI,HOSE,Bao bì Biên Hòa
OPC,HOSE,Dược phẩm OPC
CLC,HOSE,CTCP Cát Lợi
STG,HOSE,Kho vận miền Nam
PTC,HOSE,ĐT XD Bưu điện
VCG,HOSE,XNK & Xây dựng VN
UDC,HOSE,Đô thị Bà Rịa VT
TDW,HOSE,Cấp nc Thủ Đức
TIX,HOSE,Đầu tư Tân Bình
CLW,HOSE,Cấp nc Chợ Lớn
TCM,HOSE,May Thành Công
KSB,HOSE,K.sản Bình Dương
HOT,HOSE,Du lịch DV Hội An
PET,HOSE,DV Tổng hợp D.khí
PIT,HOSE,XNK Petrolimex
VPS,HOSE,Thuốc sát trùng VN
NHS,HOSE,
HMC,HOSE,Kim khí HCM
D2D,HOSE,Đô thị C.nghiệp 2
TRC,HOSE,Cao su Tây Ninh
BRC,HOSE,Cao su Bến Thành
DPR,HOSE,Cao su Đồng Phú
TRA,HOSE,CTCP Traphaco
HAI,HOSE,Nông dược H.A.I
DPG,HOSE,CTCP Đạt Phương
MCV,HOSE,
TCT,HOSE,Cáp treo Tây Ninh
VNE,HOSE,Xây dựng điện VN
SAB,HOSE,SABECO
BHS,HOSE,Đường TTC Biên Hòa - Đồng Nai
DTT,HOSE,Kỹ nghệ Đô Thành
GMC,HOSE,Garmex Sài Gòn
LBM,HOSE,VLXD Lâm Đồng
VID,HOSE,T.mại Viễn Đông
VIS,HOSE,Thép Việt Ý
HAX,HOSE,DV Ô tô Hàng Xanh
HRC,HOSE,Cao su Hòa Bình
TCO,HOSE,V.tải Duyên Hải
DCL,HOSE,Dược phẩm Cửu Long
BMC,HOSE,K.sản Bình Định
DRC,HOSE,Cao Su Đà Nẵng
HBC,HOSE,Xây dựng Hòa Bình
LGC,HOSE,Cầu đường CII
MCP,HOSE,Bao bì Mỹ Châu
PJT,HOSE,V.tải Đg Thủy Petro
SFI,HOSE,Đại lý V.tải SAFI
SJD,HOSE,Th.Điện Cần Đơn
TCR,HOSE,Gốm sứ Taicera
VTB,HOSE,Viettronics Tân Bình
FBT,HOSE,
VNL,HOSE,LOGISTICS VINALINK
GTA,HOSE,Gỗ Thuận An
PVT,HOSE,TCT V.tải dầu khí
BTP,HOSE,Nh.điện Bà Rịa
AGR,HOSE,Chứng khoán Agribank
PHR,HOSE,Cao su Phước Hòa
RIC,HOSE,Quốc tế Hoàng Gia
ACL,HOSE,XNK Thủy sản Cửu Long An Giang
IJC,HOSE,P.triển H.tầng KT
DPM,HOSE,Đạm Phú Mỹ
TMP,HOSE,Th.điện Thác Mơ
ANV,HOSE,Amicogen Nam Việt
CTD,HOSE,Xây dựng Coteccons
VIC,HOSE,Tập đoàn VINGROUP
CVT,HOSE,CTCP CMC
L10,HOSE,CTCP LILAMA 10
DBD,HOSE,Dược Bidiphar
FTM,HOSE,ĐTPT Đức Quân
LCG,HOSE,CTCP LICOGI 16
TSC,HOSE,N.nghiệp Cần Thơ
HDC,HOSE,Nhà Bà Rịa VT
AGM,HOSE,CTCP XNK An Giang
TTF,HOSE,Gỗ Trường Thành
SC5,HOSE,CTCP Xây dựng số 5
CDC,HOSE,CTCP Chương Dương
UIC,HOSE,Nhà & Đ.thị IDICO
PGD,HOSE,P.phối khí thấp áp
TPC,HOSE,Nhựa Tân Đại Hưng
DBT,HOSE,Dược phẩm Bến Tre
CMV,HOSE,Th.Nghiệp Cà Mau
NBB,HOSE,Đầu tư Năm Bảy Bảy
ASM,HOSE,Tập đoàn Sao Mai
SRF,HOSE,CTCP Kỹ Nghệ Lạnh
DCC,HOSE,
GVR,HOSE,Cao su Việt Nam
NTL,HOSE,PT đô thị Từ Liêm
ALP,HOSE,
ST8,HOSE,CTCP Siêu Thanh
KBC,HOSE,Đô thị Kinh Bắc
VSC,HOSE,Container Việt Nam
KMR,HOSE,CTCP Mirae
VHC,HOSE,CTCP Vĩnh Hoàn
NHH,HOSE,Nhựa Hà Nội
GEX,HOSE,Thiết bị điện VN
FTS,HOSE,Chứng khoán FPT
SGT,HOSE,Viễn thông SG
VPL,HOSE,
VSI,HOSE,Đ.tư XD C.thoát nc
PDN,HOSE,Cảng Đồng Nai
SCR,HOSE,Địa ốc Sacomreal
ASP,HOSE,Dầu khí An Pha
DQC,HOSE,Đèn Điện Quang
DXV,HOSE,VLXD Đà Nẵng
SBT,HOSE,Thành Thành Công - Biên Hòa
DBC,HOSE,Tập đoàn Dabaco VN
S4A,HOSE,Th.điện Sê San 4A
BHN,HOSE,TCT Bia Hà Nội
CSG,HOSE,
VNS,HOSE,Ánh Dương Việt Nam
APG,HOSE,CK An Phát
SZL,HOSE,Sonadezi Long Thành
DC4,HOSE,Xây dựng DIC Holdings
HAG,HOSE,Hoàng Anh Gia Lai
ITC,HOSE,Đ.tư K.doanh nhà
QCG,HOSE,Quốc Cường Gia Lai
BAS,HOSE,
HSG,HOSE,Tập đoàn Hoa Sen
PME,HOSE,CTCP Pymepharco
ACC,HOSE,Bình Dương ACC
BCI,HOSE,Đầu tư XD Bình Chánh
SRC,HOSE,Cao su Sao Vàng
SHP,HOSE,Th.điện Miền Nam
VDS,HOSE,CK Rồng Việt
DHC,HOSE,Đông Hải Bến Tre
AAM,HOSE,Thủy sản Mekong
VPH,HOSE,CTCP Vạn Phát Hưng
MCG,HOSE,Cơ điện & XD VN
PHT,HOSE,
LGL,HOSE,Đô thị Long Giang
TIC,HOSE,ĐT điện Tây Nguyên
TV2,HOSE,Tư vấn XD điện 2
MSN,HOSE,Tập đoàn Ma San
PHC,HOSE,Phục Hưng Holdings
GDT,HOSE,Gỗ Đức Thành
DVP,HOSE,Cảng Đình Vũ
ITD,HOSE,C.nghệ Tiên Phong
LIX,HOSE,CTCP Bột giặt Lix
VNG,HOSE,D.lịch T.Thành Công
DXG,HOSE,Dat Xanh Group
TPB,HOSE,Ng.hàng Tiên Phong
DVD,HOSE,
TCL,HOSE,Vận tải Tân Cảng
TDC,HOSE,KD P.triển Bình Dg
VIX,HOSE,CHỨNG KHOÁN VIX
SHI,HOSE,Quốc tế Sơn Hà
KSS,HOSE,Khoáng sản Na Rì Hamico
SEC,HOSE,
FDC,HOSE,P.triển Đ.tư HCM
AGD,HOSE,
TLH,HOSE,Thép Tiến Lên
CMG,HOSE,T.đoàn C.nghệ CMC
TMT,HOSE,CTCP Ô tô TMT
NT2,HOSE,Nhơn Trạch 2
POW,HOSE,PVPOWER
NHW,HOSE,
KDH,HOSE,Nhà Khang Điền
APC,HOSE,Chiếu xạ An Phú
HDG,HOSE,Tập đoàn Hà Đô
TLG,HOSE,Thiên Long Group
VCI,HOSE,CK Bản Việt
DLG,HOSE,Đức Long Gia Lai
CTI,HOSE,Cường Thuận IDICO
LHG,HOSE,CTCP Long Hậu
DRH,HOSE,CTCP DRH Holdings
NVN,HOSE,
DAG,HOSE,TĐ Nhựa Đông Á
BTT,HOSE,Thương mại DV Bến Thành
CCI,HOSE,Thương mại Củ Chi
OGC,HOSE,Tập đoàn Đại Dương
POM,HOSE,Thép Pomina
CHP,HOSE,Th.điện M.Trung
PXI,HOSE,CN Dân dụng D.khí
NVT,HOSE,BĐS Ninh Vân Bay
SPM,HOSE,CTCP S.P.M
HU1,HOSE,ĐT Xây dựng HUD1
TNT,HOSE,CTCP Tài Nguyên
SBC,HOSE,
PXT,HOSE,X.lắp Đ.ống D.khí
SBA,HOSE,CTCP Sông Ba
PXS,HOSE,Lắp máy D.khí
DTL,HOSE,CTCP Đại Thiên Lộc
BCE,HOSE,XD & GT Bình Dg
STK,HOSE,CTCP Sợi thế kỷ
NNC,HOSE,CTCP Đá Núi Nhỏ
NHA,HOSE,Đô thị Nam Hà Nội
AAA,HOSE,Nhựa An Phát Xanh
KSA,HOSE,Khoáng Sản Bình Thuận
DTA,HOSE,CTCP Đệ Tam
VRC,HOSE,BĐS & Đ.tư VRC
PDR,HOSE,BĐS Phát Đạt
CKG,HOSE,Xây dựng Kiên Giang
CLG,HOSE,Nhà đất Cotec
SFG,HOSE,phân bón Miền Nam
BIC,HOSE,Bảo hiểm BIDV
VAF,HOSE,Phân lân Văn Điển
C32,HOSE,CTCP CIC30
SMB,HOSE,Bia SG Miền Trung
VMD,HOSE,Y Dược Vimedimex
PTL,HOSE,H.tầng Đ.thị D.khí
VTF,HOSE,
SMA,HOSE,T.bị phụ tùng SG
ELC,HOSE,C.nghệ Đ.tử V.thông
FIT,HOSE,Tập đoàn F.I.T
DSN,HOSE,CVN Đầm Sen
HQC,HOSE,Địa ốc Hoàng Quân
LM8,HOSE,CTCP Lilama 18
EVE,HOSE,CTCP Everpia
HTI,HOSE,ĐTPT Hạ tầng IDICO
HTL,HOSE,Ô tô Trường Long
MDG,HOSE,CTCP Miền Đông
NKG,HOSE,Thép Nam Kim
VCF,HOSE,Vinacafé Biên Hòa
VCA,HOSE,Thép VICASA
CCL,HOSE,Đô thị DK Cửu Lg
HU3,HOSE,ĐT Xây dựng HUD3
C47,HOSE,CTCP Xây dựng 47
BGM,HOSE,Khoáng sản Bắc Giang
JVC,HOSE,T.bị Y tế Việt Nhật
PTB,HOSE,CTCP Phú Tài
IDI,HOSE,ĐTPT Đa Q.gia IDI
CIG,HOSE,CTCP COMA18
FLC,HOSE,Tập đoàn FLC
THG,HOSE,ĐT XD Tiền Giang
LCM,HOSE,K.sản Lào Cai
SVT,HOSE,SG Viễn Đông
BCM,HOSE,TCT ĐTPT C.Nghiệp
MBB,HOSE,Ngân hàng Quân đội
VGC,HOSE,TCT Viglacera
CNG,HOSE,CTCP CNG Việt Nam
HHS,HOSE,ĐT - DV Hoàng Huy
GSP,HOSE,V.tải SP khí Q.Tế
MSB,HOSE,Ngân hàng MSB
VPB,HOSE,Ng.hàng Thịnh Vượng
SII,HOSE,Hạ tầng Nước SG
DRL,HOSE,Th.Điện - Đ.lực 3
GAS,HOSE,TCT Khí Việt Nam
DHM,HOSE,P.triển Dương Hiếu
FCN,HOSE,CTCP FECON
EMC,HOSE,Cơ Điện Thủ Đức
CLP,HOSE,
LPB,HOSE,LienVietPostBank
SHA,HOSE,Sơn Hà Sài Gòn
HAR,HOSE,BĐS An Dg Th.Điền
BCG,HOSE,Bamboo Capital
FCM,HOSE,K.sản FECON
TIP,HOSE,KCN Tín Nghĩa
CLL,HOSE,Cảng Cát Lái
SCS,HOSE,DV Hàng hóa SG
LEC,HOSE,BĐS Đ.lực M.Trung
SKG,HOSE,Superdong Kiên Giang
MIG,HOSE,Bảo Hiểm Quân Đội
HNG,HOSE,Nông nghiệp HAGL
MWG,HOSE,Thế Giới Di Động
DGC,HOSE,Hóa chất Đức Giang
SGR,HOSE,Địa ốc Sài Gòn
AMD,HOSE,Đầu tư K.sản FLC
GTN,HOSE,GTN FOODS
QBS,HOSE,XNK Quảng Bình
NCT,HOSE,Hàng hóa Nội Bài
TVS,HOSE,CK Thiên Việt
DAT,HOSE,P.triển Thủy sản
TTB,HOSE,Tâp đoàn Tiến Bộ
HAH,HOSE,Vận tải Hải An
DCM,HOSE,Đạm Cà Mau
CSV,HOSE,Hóa chất Miền Nam
DGW,HOSE,CTCP Thế giới Số
LDG,HOSE,CTCP Đầu tư LDG
BFC,HOSE,Phân bón Bình Điền
NAF,HOSE,CTCP Nafoods Group
SGN,HOSE,Phục vụ Mặt đất SG
TEG,HOSE,Năng lượng và Bất động sản Trường Thành
KPF,HOSE,T.chính Hoàng Minh
TDM,HOSE,Nước Thủ Dầu Một
HPX,HOSE,Đầu tư Hải Phát
VPD,HOSE,Điện Lực Việt Nam
BWE,HOSE,M.trường Bình Dg
TNI,HOSE,Tập đoàn Thành Nam
ATG,HOSE,An Trường An
FRT,HOSE,Bán lẻ KTS FPT
HID,HOSE,Halcom Việt Nam
NVL,HOSE,Địa ốc Novaland
AAT,HOSE,Tiên Sơn Thanh Hóa
VJC,HOSE,VIETJETAIR
ADS,HOSE,CTCP Damsan
HCD,HOSE,Đ.tư SX T.mại HCD
ROS,HOSE,Xây dựng FLC Faros
TCH,HOSE,T.chính Hoàng Huy
DAH,HOSE,Khách Sạn Đông Á
IBC,HOSE,ĐT APAX HOLDINGS
PC1,HOSE,Xây lắp điện I
TVT,HOSE,TCT Việt Thắng
SZC,HOSE,Sonadezi Châu Đức
SBV,HOSE,Siam Brothers VN
TDG,HOSE,Dầu khí Thái Dương
THI,HOSE,CTCP Thiết bị điện
CEE,HOSE,XD Hạ tầng CII
CTF,HOSE,CTCP City Auto
EVG,HOSE,Tập đoàn Everland
SJF,HOSE,ĐT Sao Thái Dương
TCD,HOSE,Đ.tư CN & Vận tải
APH,HOSE,An Phát Holdings
HII,HOSE,An Tiến Industries
CRC,HOSE,Create Capital VN
PLP,HOSE,Nhựa Pha Lê
VPG,HOSE,XNK Việt Phát
KOS,HOSE,CTCP Kosy
TLD,HOSE,Đô thị Thăng Long
VRE,HOSE,Vincom Retail
HUB,HOSE,X.lắp Thừa Thiên Huế
VPI,HOSE,Đầu tư Văn Phú
ASG,HOSE,Tập đoàn ASG
AST,HOSE,DV Hg không Taseco
PMG,HOSE,Petro Miền Trung
HSL,HOSE,Thực phẩm Hồng Hà
HTN,HOSE,Hưng Thịnh Incons
CRE,HOSE,BĐS Thế kỷ
VHM,HOSE,VINHOMES
TGG,HOSE,Đ.tư Trường Giang
YEG,HOSE,Tập đoàn Yeah1
HHP,HOSE,Giấy Hoàng Hà HP
YBM,HOSE,K.sản CN Yên Bái
FIR,HOSE,Địa ốc First Real
TDP,HOSE,Thuận Đức
TTE,HOSE,N.lg Trường Thịnh
ILB,HOSE,ICD Tân Cảng- Long Bình
TN1,HOSE,TMDV TNS HOLDINGS
MSH,HOSE,May Sông Hồng
HVH,HOSE,Đ.tư và C.nghệ HVC
ABS,HOSE,Nông nghiệp Bình Thuận
GAB,HOSE,Kh.khoáng & QLTS FLC
AGG,HOSE,Bất động sản An Gia
ADG,HOSE,CTCP Clever Group
PSH,HOSE,Dầu khí Nam Sông Hậu
SVD,HOSE,Đầu tư và Thương mại Vũ Đăng
TTA,HOSE,Đầu tư Xây dựng và Phát triển Trường Thành
TNH,HOSE,Bệnh viện Quốc tế Thái Nguyên
BKG,HOSE,CTCP Đầu tư BKG
